body,event_id,event_type,gk_id,location,order_id,sequence,ts,_rescued_data
"{""customer_lat"": 37.8247453, ""customer_lon"": -122.3684268, ""customer_addr"": ""550 Avenue H"", ""items"": [{""id"": 24, ""category_id"": ""dessert"", ""menu_id"": 1, ""brand_id"": 1, ""name"": ""Chocolate Lava Crunch Cakes"", ""price"": 6.29, ""qty"": 3}, {""id"": 23, ""category_id"": ""dessert"", ""menu_id"": 1, ""brand_id"": 1, ""name"": ""Cinnamon Bread Bites"", ""price"": 5.29, ""qty"": 1}, {""id"": 22, ""category_id"": ""appetizer"", ""menu_id"": 1, ""brand_id"": 1, ""name"": ""Chicken Wings"", ""price"": 8.99, ""qty"": 3}]}",a1dd270592074c3091512dee767a891e,order_created,9be9e21d2f76432290cba0a66d63ab97,sanfrancisco,d861a9e955e04105ab525f15a4c31c7a,0,2025-10-13 01:50:38.000000,null
{},00c78df489e74f05910ea625cd3e5fed,gk_started,9be9e21d2f76432290cba0a66d63ab97,sanfrancisco,d861a9e955e04105ab525f15a4c31c7a,1,2025-10-13 01:52:23.293453,null
{},7e3380a525d6449ba106e3aa1da84e30,gk_finished,9be9e21d2f76432290cba0a66d63ab97,sanfrancisco,d861a9e955e04105ab525f15a4c31c7a,2,2025-10-13 02:00:19.996388,null
{},4059d898ba15423985be860274694dd6,gk_ready,9be9e21d2f76432290cba0a66d63ab97,sanfrancisco,d861a9e955e04105ab525f15a4c31c7a,3,2025-10-13 02:02:28.721745,null
{},5c02c2bf9b88401f94f1ecdc77321d3a,driver_arrived,9be9e21d2f76432290cba0a66d63ab97,sanfrancisco,d861a9e955e04105ab525f15a4c31c7a,4,2025-10-13 01:55:14.551700,null
"{""route_points"": [[37.7910243, -122.3928646], [37.7906148, -122.3934057], [37.7899232, -122.3942801], [37.7895351, -122.3947668], [37.7892316, -122.395147], [37.7885423, -122.396028], [37.788117, -122.395496], [37.7877231, -122.395005], [37.7873202, -122.394502], [37.7868664, -122.3939349], [37.7866418, -122.3936646], [37.7860355, -122.3930029], [37.7855817, -122.3915799], [37.7860172, -122.390902], [37.8104574, -122.3646896], [37.8108153, -122.363893], [37.8117244, -122.3637964], [37.8118995, -122.3644524], [37.8111121, -122.3675842], [37.8132388, -122.3710629], [37.8160761, -122.3714668], [37.818149, -122.3704442], [37.8194265, -122.3712996], [37.8207863, -122.3721882], [37.8223075, -122.3731821], [37.8235603, -122.3741032], [37.8241695, -122.3727155], [37.8252626, -122.3699791], [37.8256513, -122.3690368], [37.8247453, -122.3684268]], ""eta_mins"": 11.7}",38034a238bfc4b7a8772a9e76222e432,driver_picked_up,9be9e21d2f76432290cba0a66d63ab97,sanfrancisco,d861a9e955e04105ab525f15a4c31c7a,5,2025-10-13 02:08:50.750715,null
"{""progress_pct"": 9.1, ""loc_lat"": 37.7899232, ""loc_lon"": -122.3942801}",0e77255bc83749438d63f9c8c042d54f,driver_ping,9be9e21d2f76432290cba0a66d63ab97,sanfrancisco,d861a9e955e04105ab525f15a4c31c7a,6,2025-10-13 02:09:50.750715,null
"{""progress_pct"": 18.2, ""loc_lat"": 37.7885423, ""loc_lon"": -122.396028}",bac2e01d525e41ddb7e3a72df66386af,driver_ping,9be9e21d2f76432290cba0a66d63ab97,sanfrancisco,d861a9e955e04105ab525f15a4c31c7a,7,2025-10-13 02:10:50.750715,null
"{""progress_pct"": 27.3, ""loc_lat"": 37.7877231, ""loc_lon"": -122.395005}",60c9c8ae4d6447ed913ab8a7ae2cf290,driver_ping,9be9e21d2f76432290cba0a66d63ab97,sanfrancisco,d861a9e955e04105ab525f15a4c31c7a,8,2025-10-13 02:11:50.750715,null
"{""progress_pct"": 36.4, ""loc_lat"": 37.7866418, ""loc_lon"": -122.3936646}",92cf9a81850242f088d85c428e6584ae,driver_ping,9be9e21d2f76432290cba0a66d63ab97,sanfrancisco,d861a9e955e04105ab525f15a4c31c7a,9,2025-10-13 02:12:50.750715,null
"{""progress_pct"": 45.5, ""loc_lat"": 37.7860172, ""loc_lon"": -122.390902}",beaa434319844c6cb37c45d625faba62,driver_ping,9be9e21d2f76432290cba0a66d63ab97,sanfrancisco,d861a9e955e04105ab525f15a4c31c7a,10,2025-10-13 02:13:50.750715,null
"{""progress_pct"": 54.5, ""loc_lat"": 37.8108153, ""loc_lon"": -122.363893}",e7363f1cb8d446e2b8072e42f506bd82,driver_ping,9be9e21d2f76432290cba0a66d63ab97,sanfrancisco,d861a9e955e04105ab525f15a4c31c7a,11,2025-10-13 02:14:50.750715,null
"{""progress_pct"": 63.6, ""loc_lat"": 37.8111121, ""loc_lon"": -122.3675842}",3331f083e2b34d31962c42274b9c28bf,driver_ping,9be9e21d2f76432290cba0a66d63ab97,sanfrancisco,d861a9e955e04105ab525f15a4c31c7a,12,2025-10-13 02:15:50.750715,null
"{""progress_pct"": 72.7, ""loc_lat"": 37.818149, ""loc_lon"": -122.3704442}",e9a49a3a748e48f3950b217ad5de5658,driver_ping,9be9e21d2f76432290cba0a66d63ab97,sanfrancisco,d861a9e955e04105ab525f15a4c31c7a,13,2025-10-13 02:16:50.750715,null
"{""progress_pct"": 81.8, ""loc_lat"": 37.8207863, ""loc_lon"": -122.3721882}",f48e1c9748d24bf0adb111e63e59c3e5,driver_ping,9be9e21d2f76432290cba0a66d63ab97,sanfrancisco,d861a9e955e04105ab525f15a4c31c7a,14,2025-10-13 02:17:50.750715,null
"{""progress_pct"": 90.9, ""loc_lat"": 37.8241695, ""loc_lon"": -122.3727155}",449504716e5e43efa0c9c75471f2c9fd,driver_ping,9be9e21d2f76432290cba0a66d63ab97,sanfrancisco,d861a9e955e04105ab525f15a4c31c7a,15,2025-10-13 02:18:50.750715,null
"{""delivered_lat"": 37.8247453, ""delivered_lon"": -122.3684268}",05755785ac954261a50023c322f78af9,delivered,9be9e21d2f76432290cba0a66d63ab97,sanfrancisco,d861a9e955e04105ab525f15a4c31c7a,16,2025-10-13 02:20:30.176398,null
"{""customer_lat"": 37.7601494, ""customer_lon"": -122.3943735, ""customer_addr"": ""1300 20th Street"", ""items"": [{""id"": 8, ""category_id"": ""speciality_pizza"", ""menu_id"": 1, ""brand_id"": 1, ""name"": ""Buffalo Chicken"", ""price"": 18.99, ""qty"": 3}, {""id"": 27, ""category_id"": ""drink"", ""menu_id"": 1, ""brand_id"": 1, ""name"": ""Diet Coke"", ""price"": 2.79, ""qty"": 2}, {""id"": 7, ""category_id"": ""speciality_pizza"", ""menu_id"": 1, ""brand_id"": 1, ""name"": ""Cali Chicken Bacon Ranch"", ""price"": 18.99, ""qty"": 1}, {""id"": 14, ""category_id"": ""pasta"", ""menu_id"": 1, ""brand_id"": 1, ""name"": ""Italian Sausage Marinara"", ""price"": 9.49, ""qty"": 3}]}",64f4effe8dc040fc852dea02ab95b4ff,order_created,9be9e21d2f76432290cba0a66d63ab97,sanfrancisco,c1eeeef9497e458ebd80ca111a39ce8f,0,2025-10-13 02:30:16.000000,null
{},ecc08b767a514d5cbd0601653f0119e0,gk_started,9be9e21d2f76432290cba0a66d63ab97,sanfrancisco,c1eeeef9497e458ebd80ca111a39ce8f,1,2025-10-13 02:33:41.715009,null
{},1b5e335c41754c85a5683a36b0f92369,gk_finished,9be9e21d2f76432290cba0a66d63ab97,sanfrancisco,c1eeeef9497e458ebd80ca111a39ce8f,2,2025-10-13 02:44:03.155576,null
{},6627311d6c5a43d7aaff22e436418ca3,gk_ready,9be9e21d2f76432290cba0a66d63ab97,sanfrancisco,c1eeeef9497e458ebd80ca111a39ce8f,3,2025-10-13 02:46:25.754888,null
{},2ff72e9659fe4106a16a035599d76547,driver_arrived,9be9e21d2f76432290cba0a66d63ab97,sanfrancisco,c1eeeef9497e458ebd80ca111a39ce8f,4,2025-10-13 02:49:59.257069,null
"{""route_points"": [[37.7910243, -122.3928646], [37.7912945, -122.3925074], [37.7900898, -122.3909887], [37.7893887, -122.3918607], [37.7881515, -122.390321], [37.786927, -122.3887838], [37.7870938, -122.3880152], [37.7847486, -122.3881985], [37.7818004, -122.3884317], [37.7799221, -122.3896767], [37.7781777, -122.3919448], [37.7764624, -122.3940667], [37.7763672, -122.3941896], [37.774644, -122.3963772], [37.7669154, -122.3952917], [37.7663056, -122.394533], [37.7633265, -122.3930806], [37.7627923, -122.3929587], [37.7627555, -122.3936217], [37.7614777, -122.3934993], [37.7614188, -122.3944742], [37.7601494, -122.3943735]], ""eta_mins"": 6.6}",69cdf44345dc4e0aa45ce744ab7f92a6,driver_picked_up,9be9e21d2f76432290cba0a66d63ab97,sanfrancisco,c1eeeef9497e458ebd80ca111a39ce8f,5,2025-10-13 02:54:56.907613,null
"{""progress_pct"": 16.7, ""loc_lat"": 37.7893887, ""loc_lon"": -122.3918607}",e9c61172880a4e66b088b09e55a516eb,driver_ping,9be9e21d2f76432290cba0a66d63ab97,sanfrancisco,c1eeeef9497e458ebd80ca111a39ce8f,6,2025-10-13 02:55:56.907613,null
"{""progress_pct"": 33.3, ""loc_lat"": 37.7847486, ""loc_lon"": -122.3881985}",84a9065311704e868f89ca8fff5ade45,driver_ping,9be9e21d2f76432290cba0a66d63ab97,sanfrancisco,c1eeeef9497e458ebd80ca111a39ce8f,7,2025-10-13 02:56:56.907613,null
"{""progress_pct"": 50.0, ""loc_lat"": 37.7781777, ""loc_lon"": -122.3919448}",7ddbf7133fd640b79ddd6e709dcf0bd4,driver_ping,9be9e21d2f76432290cba0a66d63ab97,sanfrancisco,c1eeeef9497e458ebd80ca111a39ce8f,8,2025-10-13 02:57:56.907613,null
"{""progress_pct"": 66.7, ""loc_lat"": 37.7669154, ""loc_lon"": -122.3952917}",df3cad3d98654303aba68e90ce0962ee,driver_ping,9be9e21d2f76432290cba0a66d63ab97,sanfrancisco,c1eeeef9497e458ebd80ca111a39ce8f,9,2025-10-13 02:58:56.907613,null
"{""progress_pct"": 83.3, ""loc_lat"": 37.7627923, ""loc_lon"": -122.3929587}",996652d7a9704f45ab74cbf2143082ac,driver_ping,9be9e21d2f76432290cba0a66d63ab97,sanfrancisco,c1eeeef9497e458ebd80ca111a39ce8f,10,2025-10-13 02:59:56.907613,null
"{""delivered_lat"": 37.7601494, ""delivered_lon"": -122.3943735}",0be71a806a5348ed811a059b6ec201e6,delivered,9be9e21d2f76432290cba0a66d63ab97,sanfrancisco,c1eeeef9497e458ebd80ca111a39ce8f,11,2025-10-13 03:01:30.979638,null
"{""customer_lat"": 37.7560037, ""customer_lon"": -122.4094619, ""customer_addr"": ""2406 Bryant Street"", ""items"": [{""id"": 12, ""category_id"": ""pasta"", ""menu_id"": 1, ""brand_id"": 1, ""name"": ""Spicy Buffalo 5-Cheese Mac & Cheese"", ""price"": 9.49, ""qty"": 1}]}",1edb1b0d73874b44ba6c56ad265b9d93,order_created,9be9e21d2f76432290cba0a66d63ab97,sanfrancisco,37f406900cd74ba5931943a2560e919c,0,2025-10-13 03:17:10.000000,null
{},1002d81fcb8a4d899c5dc2336b1ab323,gk_started,9be9e21d2f76432290cba0a66d63ab97,sanfrancisco,37f406900cd74ba5931943a2560e919c,1,2025-10-13 03:20:20.128788,null
{},149853a1c9e1468999f344becd1bbb50,gk_finished,9be9e21d2f76432290cba0a66d63ab97,sanfrancisco,37f406900cd74ba5931943a2560e919c,2,2025-10-13 03:29:38.613863,null
{},995511f299134d35b5e9eeae70f311be,gk_ready,9be9e21d2f76432290cba0a66d63ab97,sanfrancisco,37f406900cd74ba5931943a2560e919c,3,2025-10-13 03:30:39.211035,null
{},687edb0df5a1479888d3f746d75a18c9,driver_arrived,9be9e21d2f76432290cba0a66d63ab97,sanfrancisco,37f406900cd74ba5931943a2560e919c,4,2025-10-13 03:26:14.639514,null
"{""route_points"": [[37.7910243, -122.3928646], [37.7906148, -122.3934057], [37.7899232, -122.3942801], [37.7895351, -122.3947668], [37.7892316, -122.395147], [37.7885423, -122.396028], [37.788117, -122.395496], [37.7877231, -122.395005], [37.7873202, -122.394502], [37.7868664, -122.3939349], [37.7866418, -122.3936646], [37.7864394, -122.3935146], [37.7859393, -122.3931245], [37.7852059, -122.3940468], [37.784741, -122.3946383], [37.7843129, -122.395178], [37.7838907, -122.395714], [37.7834257, -122.3963016], [37.7825562, -122.3974], [37.781794, -122.3983653], [37.7807911, -122.399635], [37.7790353, -122.401857], [37.7786114, -122.4023944], [37.7781564, -122.4029704], [37.7772779, -122.404082], [37.776931, -122.4045223], [37.7768423, -122.4046343], [37.7766225, -122.4049117], [37.7761665, -122.4054899], [37.7755198, -122.406308], [37.7754644, -122.4063783], [37.7751007, -122.4068387], [37.7743588, -122.4077779], [37.7737601, -122.4085358], [37.7736838, -122.4086324], [37.7728459, -122.409693], [37.7725377, -122.4100831], [37.7720599, -122.410688], [37.7715867, -122.4112871], [37.7706444, -122.4124782], [37.7698632, -122.4114831], [37.7694301, -122.4108749], [37.7693337, -122.4108718], [37.7690193, -122.4108329], [37.7681875, -122.4107505], [37.7656077, -122.4105117], [37.7643089, -122.4103829], [37.7630381, -122.4102625], [37.761765, -122.4101411], [37.7604937, -122.4100144], [37.7592022, -122.4097853], [37.7576026, -122.4096146], [37.7560037, -122.4094619]], ""eta_mins"": 7.3}",f97f2bb1574e4ce08116b65228fccf4a,driver_picked_up,9be9e21d2f76432290cba0a66d63ab97,sanfrancisco,37f406900cd74ba5931943a2560e919c,5,2025-10-13 03:37:39.254232,null
"{""progress_pct"": 14.3, ""loc_lat"": 37.7877231, ""loc_lon"": -122.395005}",61da3a6aa8d644a8936af89e38faad12,driver_ping,9be9e21d2f76432290cba0a66d63ab97,sanfrancisco,37f406900cd74ba5931943a2560e919c,6,2025-10-13 03:38:39.254232,null
"{""progress_pct"": 28.6, ""loc_lat"": 37.784741, ""loc_lon"": -122.3946383}",3999dc2ae64d42d691d99a6d7d256ed1,driver_ping,9be9e21d2f76432290cba0a66d63ab97,sanfrancisco,37f406900cd74ba5931943a2560e919c,7,2025-10-13 03:39:39.254232,null
"{""progress_pct"": 42.9, ""loc_lat"": 37.7786114, ""loc_lon"": -122.4023944}",a325feb35d124806be97ba14628e8405,driver_ping,9be9e21d2f76432290cba0a66d63ab97,sanfrancisco,37f406900cd74ba5931943a2560e919c,8,2025-10-13 03:40:39.254232,null
"{""progress_pct"": 57.1, ""loc_lat"": 37.7755198, ""loc_lon"": -122.406308}",800c4fe9551a480088f696c4d6e2cd26,driver_ping,9be9e21d2f76432290cba0a66d63ab97,sanfrancisco,37f406900cd74ba5931943a2560e919c,9,2025-10-13 03:41:39.254232,null
"{""progress_pct"": 71.4, ""loc_lat"": 37.7720599, ""loc_lon"": -122.410688}",e4e19f97d34d441e8b64cd289acc7670,driver_ping,9be9e21d2f76432290cba0a66d63ab97,sanfrancisco,37f406900cd74ba5931943a2560e919c,10,2025-10-13 03:42:39.254232,null
"{""progress_pct"": 85.7, ""loc_lat"": 37.7681875, ""loc_lon"": -122.4107505}",9a32a67802ad4ace9d06d4b8a1c03dd5,driver_ping,9be9e21d2f76432290cba0a66d63ab97,sanfrancisco,37f406900cd74ba5931943a2560e919c,11,2025-10-13 03:43:39.254232,null
"{""delivered_lat"": 37.7560037, ""delivered_lon"": -122.4094619}",8314445bd9894038b2ac2c17045c9dec,delivered,9be9e21d2f76432290cba0a66d63ab97,sanfrancisco,37f406900cd74ba5931943a2560e919c,12,2025-10-13 03:44:56.372892,null
"{""customer_lat"": 37.7918054, ""customer_lon"": -122.4327543, ""customer_addr"": ""2300;2314 Webster Street"", ""items"": [{""id"": 24, ""category_id"": ""dessert"", ""menu_id"": 1, ""brand_id"": 1, ""name"": ""Chocolate Lava Crunch Cakes"", ""price"": 6.29, ""qty"": 3}]}",a2f79f4cd8e64940bb4a3ec133b9b76e,order_created,9be9e21d2f76432290cba0a66d63ab97,sanfrancisco,d5f9800fe8f343d4ac3d9a460c014c0c,0,2025-10-13 03:20:01.000000,null
{},6c053e507f5c448e864df659236df54f,gk_started,9be9e21d2f76432290cba0a66d63ab97,sanfrancisco,d5f9800fe8f343d4ac3d9a460c014c0c,1,2025-10-13 03:20:07.000000,null
{},c992f6e7d604450aa5a42637fb651c4f,gk_finished,9be9e21d2f76432290cba0a66d63ab97,sanfrancisco,d5f9800fe8f343d4ac3d9a460c014c0c,2,2025-10-13 03:28:16.513894,null
{},37eb7a4db7b44088902a0621727c594b,gk_ready,9be9e21d2f76432290cba0a66d63ab97,sanfrancisco,d5f9800fe8f343d4ac3d9a460c014c0c,3,2025-10-13 03:31:02.361079,null
{},6bf07470eeae4b0f884b840db9c89699,driver_arrived,9be9e21d2f76432290cba0a66d63ab97,sanfrancisco,d5f9800fe8f343d4ac3d9a460c014c0c,4,2025-10-13 03:32:23.921385,null
"{""route_points"": [[37.7910243, -122.3928646], [37.7906563, -122.393457], [37.7918524, -122.3949513], [37.7932761, -122.3963597], [37.7936868, -122.3963524], [37.7936638, -122.39648], [37.7935131, -122.3976272], [37.7933647, -122.3988009], [37.7932159, -122.3999769], [37.7930673, -122.4011522], [37.7929634, -122.4019738], [37.7928594, -122.4027912], [37.7926558, -122.4044255], [37.7924582, -122.4059535], [37.7922563, -122.4075516], [37.7920556, -122.4091426], [37.7920502, -122.4091843], [37.7920436, -122.409235], [37.791838, -122.4108302], [37.7917247, -122.4117314], [37.7916306, -122.4124799], [37.7914195, -122.4141223], [37.7912077, -122.4157666], [37.791, -122.4174109], [37.7907935, -122.4190579], [37.7905842, -122.4207014], [37.790442, -122.4222636], [37.7904303, -122.4223223], [37.7913039, -122.4225318], [37.7912891, -122.4226506], [37.7910959, -122.4241848], [37.7908865, -122.425821], [37.7906769, -122.4274677], [37.7904668, -122.4291113], [37.7913467, -122.4292888], [37.7922234, -122.4294656], [37.7920153, -122.431109], [37.7918054, -122.4327543]], ""eta_mins"": 6.0}",d19dbac1039b429185aeddf6a4abb59f,driver_picked_up,9be9e21d2f76432290cba0a66d63ab97,sanfrancisco,d5f9800fe8f343d4ac3d9a460c014c0c,5,2025-10-13 03:35:01.554144,null
"{""progress_pct"": 20.0, ""loc_lat"": 37.7933647, ""loc_lon"": -122.3988009}",bef61bd603a34bedaa2e9273f0a819a4,driver_ping,9be9e21d2f76432290cba0a66d63ab97,sanfrancisco,d5f9800fe8f343d4ac3d9a460c014c0c,6,2025-10-13 03:36:01.554144,null
"{""progress_pct"": 40.0, ""loc_lat"": 37.7922563, ""loc_lon"": -122.4075516}",a9c0cb3e9df04cb2836375118dedec0b,driver_ping,9be9e21d2f76432290cba0a66d63ab97,sanfrancisco,d5f9800fe8f343d4ac3d9a460c014c0c,7,2025-10-13 03:37:01.554144,null
"{""progress_pct"": 60.0, ""loc_lat"": 37.7912077, ""loc_lon"": -122.4157666}",415d808d45674d1186f6b9968c735e17,driver_ping,9be9e21d2f76432290cba0a66d63ab97,sanfrancisco,d5f9800fe8f343d4ac3d9a460c014c0c,8,2025-10-13 03:38:01.554144,null
"{""progress_pct"": 80.0, ""loc_lat"": 37.7912891, ""loc_lon"": -122.4226506}",c67ee5dace1544b9b9971272df833532,driver_ping,9be9e21d2f76432290cba0a66d63ab97,sanfrancisco,d5f9800fe8f343d4ac3d9a460c014c0c,9,2025-10-13 03:39:01.554144,null
"{""delivered_lat"": 37.7918054, ""delivered_lon"": -122.4327543}",a661503b463a4ea58d25c572eb20266b,delivered,9be9e21d2f76432290cba0a66d63ab97,sanfrancisco,d5f9800fe8f343d4ac3d9a460c014c0c,10,2025-10-13 03:40:59.345924,null
"{""customer_lat"": 37.7921162, ""customer_lon"": -122.4009593, ""customer_addr"": ""200;204;206 Sansome Street"", ""items"": [{""id"": 15, ""category_id"": ""sandwich"", ""menu_id"": 1, ""brand_id"": 1, ""name"": ""Philly Cheese Steak Sandwich"", ""price"": 7.29, ""qty"": 2}, {""id"": 13, ""category_id"": ""pasta"", ""menu_id"": 1, ""brand_id"": 1, ""name"": ""Chicken Alfredo"", ""price"": 9.49, ""qty"": 2}, {""id"": 23, ""category_id"": ""dessert"", ""menu_id"": 1, ""brand_id"": 1, ""name"": ""Cinnamon Bread Bites"", ""price"": 5.29, ""qty"": 2}, {""id"": 7, ""category_id"": ""speciality_pizza"", ""menu_id"": 1, ""brand_id"": 1, ""name"": ""Cali Chicken Bacon Ranch"", ""price"": 18.99, ""qty"": 1}, {""id"": 22, ""category_id"": ""appetizer"", ""menu_id"": 1, ""brand_id"": 1, ""name"": ""Chicken Wings"", ""price"": 8.99, ""qty"": 2}, {""id"": 30, ""category_id"": ""drink"", ""menu_id"": 1, ""brand_id"": 1, ""name"": ""Fanta Orange"", ""price"": 2.79, ""qty"": 3}, {""id"": 23, ""category_id"": ""dessert"", ""menu_id"": 1, ""brand_id"": 1, ""name"": ""Cinnamon Bread Bites"", ""price"": 5.29, ""qty"": 1}, {""id"": 12, ""category_id"": ""pasta"", ""menu_id"": 1, ""brand_id"": 1, ""name"": ""Spicy Buffalo 5-Cheese Mac & Cheese"", ""price"": 9.49, ""qty"": 3}, {""id"": 30, ""category_id"": ""drink"", ""menu_id"": 1, ""brand_id"": 1, ""name"": ""Fanta Orange"", ""price"": 2.79, ""qty"": 3}, {""id"": 11, ""category_id"": ""pasta"", ""menu_id"": 1, ""brand_id"": 1, ""name"": ""5-Cheese Mac & Cheese"", ""price"": 8.99, ""qty"": 1}]}",85212955977740a785f221fc64481812,order_created,9be9e21d2f76432290cba0a66d63ab97,sanfrancisco,0a03e050395d41ddb85c894672f08ee4,0,2025-10-13 04:10:08.000000,null
{},10981f5480bb4ec084bb85169b3958b4,gk_started,9be9e21d2f76432290cba0a66d63ab97,sanfrancisco,0a03e050395d41ddb85c894672f08ee4,1,2025-10-13 04:12:11.022792,null
{},988450f7ec834b54844709b3e773221e,gk_finished,9be9e21d2f76432290cba0a66d63ab97,sanfrancisco,0a03e050395d41ddb85c894672f08ee4,2,2025-10-13 04:25:12.678562,null
{},d6c90fc004e44f3c974749c787aada0f,gk_ready,9be9e21d2f76432290cba0a66d63ab97,sanfrancisco,0a03e050395d41ddb85c894672f08ee4,3,2025-10-13 04:25:47.790091,null
{},7dbe9c1970b44a7bb37038e2e912e652,driver_arrived,9be9e21d2f76432290cba0a66d63ab97,sanfrancisco,0a03e050395d41ddb85c894672f08ee4,4,2025-10-13 04:19:49.275736,null
"{""route_points"": [[37.7910243, -122.3928646], [37.7906148, -122.3934057], [37.7899232, -122.3942801], [37.7895351, -122.3947668], [37.7892729, -122.395199], [37.7896955, -122.3957322], [37.7897349, -122.3957806], [37.7898057, -122.3958702], [37.7899152, -122.396008], [37.7899925, -122.3961013], [37.7904732, -122.3967026], [37.7924133, -122.3986103], [37.7922611, -122.3997849], [37.7921162, -122.4009593]], ""eta_mins"": 1.4}",58aa42f59c274620b1a10ec4ba859970,driver_picked_up,9be9e21d2f76432290cba0a66d63ab97,sanfrancisco,0a03e050395d41ddb85c894672f08ee4,5,2025-10-13 04:28:21.400232,null
"{""delivered_lat"": 37.7921162, ""delivered_lon"": -122.4009593}",eafda8f8afa64a28a6fae6a341596d16,delivered,9be9e21d2f76432290cba0a66d63ab97,sanfrancisco,0a03e050395d41ddb85c894672f08ee4,6,2025-10-13 04:29:47.694738,null
"{""customer_lat"": 37.7822905, ""customer_lon"": -122.4416383, ""customer_addr"": ""2425 Geary Boulevard"", ""items"": [{""id"": 9, ""category_id"": ""speciality_pizza"", ""menu_id"": 1, ""brand_id"": 1, ""name"": ""Spinach & Feta"", ""price"": 17.99, ""qty"": 3}, {""id"": 18, ""category_id"": ""sandwich"", ""menu_id"": 1, ""brand_id"": 1, ""name"": ""Chicken Parm Sandwich"", ""price"": 7.29, ""qty"": 3}, {""id"": 4, ""category_id"": ""speciality_pizza"", ""menu_id"": 1, ""brand_id"": 1, ""name"": ""Pacific Veggie"", ""price"": 17.99, ""qty"": 2}, {""id"": 29, ""category_id"": ""drink"", ""menu_id"": 1, ""brand_id"": 1, ""name"": ""Dasani Bottle Water"", ""price"": 2.39, ""qty"": 3}, {""id"": 13, ""category_id"": ""pasta"", ""menu_id"": 1, ""brand_id"": 1, ""name"": ""Chicken Alfredo"", ""price"": 9.49, ""qty"": 1}, {""id"": 17, ""category_id"": ""sandwich"", ""menu_id"": 1, ""brand_id"": 1, ""name"": ""Italian Sandwich"", ""price"": 7.19, ""qty"": 2}]}",f607ce5dcd9b4564b0993a98b86467c0,order_created,9be9e21d2f76432290cba0a66d63ab97,sanfrancisco,7d89a6052918402fa22105d9c0b449e7,0,2025-10-13 04:54:20.000000,null
{},e76903e0ea7442f4bf3697ac76d52327,gk_started,9be9e21d2f76432290cba0a66d63ab97,sanfrancisco,7d89a6052918402fa22105d9c0b449e7,1,2025-10-13 04:56:21.912402,null
{},d26e6fe79e73497a911bc5c014befc88,gk_finished,9be9e21d2f76432290cba0a66d63ab97,sanfrancisco,7d89a6052918402fa22105d9c0b449e7,2,2025-10-13 05:01:50.982923,null
{},16a44e51350d45cd8157a2876dfd0eaf,gk_ready,9be9e21d2f76432290cba0a66d63ab97,sanfrancisco,7d89a6052918402fa22105d9c0b449e7,3,2025-10-13 05:03:12.366885,null
{},4ff8e390e87547dd982e135db7079600,driver_arrived,9be9e21d2f76432290cba0a66d63ab97,sanfrancisco,7d89a6052918402fa22105d9c0b449e7,4,2025-10-13 05:04:40.652417,null
"{""route_points"": [[37.7910243, -122.3928646], [37.7906148, -122.3934057], [37.7899232, -122.3942801], [37.7895351, -122.3947668], [37.7892316, -122.395147], [37.7885423, -122.396028], [37.7871929, -122.3977249], [37.7868187, -122.3983161], [37.787221, -122.3988207], [37.7875911, -122.3992834], [37.7880116, -122.3998131], [37.7874553, -122.4005089], [37.7868603, -122.4012725], [37.7862613, -122.4020414], [37.7866798, -122.4025729], [37.7870311, -122.403019], [37.7879652, -122.4034972], [37.7877685, -122.4050568], [37.7875781, -122.4065916], [37.7875652, -122.4067098], [37.7873704, -122.4082462], [37.7871562, -122.4098893], [37.7869469, -122.4115357], [37.786738, -122.4131792], [37.7865291, -122.4148222], [37.7863197, -122.4164691], [37.7861108, -122.4181115], [37.7859027, -122.4197566], [37.7857096, -122.4212828], [37.7856981, -122.4213926], [37.7856853, -122.4215139], [37.785486, -122.4230452], [37.7854119, -122.4244656], [37.7854292, -122.424719], [37.7850444, -122.4280145], [37.7848074, -122.4299332], [37.7846532, -122.4311714], [37.7846343, -122.4313061], [37.7842141, -122.4345957], [37.7841372, -122.4351498], [37.7837795, -122.4378884], [37.7833875, -122.4394665], [37.7833764, -122.4395529], [37.7832417, -122.4395265], [37.7824554, -122.4393709], [37.7822637, -122.4409921], [37.7822905, -122.4416383]], ""eta_mins"": 7.3}",247b0c1c070d4f58ad9df5a0792b3a2e,driver_picked_up,9be9e21d2f76432290cba0a66d63ab97,sanfrancisco,7d89a6052918402fa22105d9c0b449e7,5,2025-10-13 05:07:05.063430,null
"{""progress_pct"": 14.3, ""loc_lat"": 37.7871929, ""loc_lon"": -122.3977249}",8c07414bb99c4a36a2649a0a3559ec2c,driver_ping,9be9e21d2f76432290cba0a66d63ab97,sanfrancisco,7d89a6052918402fa22105d9c0b449e7,6,2025-10-13 05:08:05.063430,null
"{""progress_pct"": 28.6, ""loc_lat"": 37.7862613, ""loc_lon"": -122.4020414}",b126904d987147cc912b1ba142631020,driver_ping,9be9e21d2f76432290cba0a66d63ab97,sanfrancisco,7d89a6052918402fa22105d9c0b449e7,7,2025-10-13 05:09:05.063430,null
"{""progress_pct"": 42.9, ""loc_lat"": 37.7875652, ""loc_lon"": -122.4067098}",6127501d526d4bf4b6d57b704a7d7b37,driver_ping,9be9e21d2f76432290cba0a66d63ab97,sanfrancisco,7d89a6052918402fa22105d9c0b449e7,8,2025-10-13 05:10:05.063430,null
"{""progress_pct"": 57.1, ""loc_lat"": 37.7861108, ""loc_lon"": -122.4181115}",76cafed4b4e94878bdae8ca9bb3aa85d,driver_ping,9be9e21d2f76432290cba0a66d63ab97,sanfrancisco,7d89a6052918402fa22105d9c0b449e7,9,2025-10-13 05:11:05.063430,null
"{""progress_pct"": 71.4, ""loc_lat"": 37.7854119, ""loc_lon"": -122.4244656}",581da8b7538a443ebfe5e990411b92d7,driver_ping,9be9e21d2f76432290cba0a66d63ab97,sanfrancisco,7d89a6052918402fa22105d9c0b449e7,10,2025-10-13 05:12:05.063430,null
"{""progress_pct"": 85.7, ""loc_lat"": 37.7841372, ""loc_lon"": -122.4351498}",0a2e5c2e41084a269bd7a1adb7b088ad,driver_ping,9be9e21d2f76432290cba0a66d63ab97,sanfrancisco,7d89a6052918402fa22105d9c0b449e7,11,2025-10-13 05:13:05.063430,null
"{""delivered_lat"": 37.7822905, ""delivered_lon"": -122.4416383}",34ed4653d54e4c109b4dc2b0bd85825b,delivered,9be9e21d2f76432290cba0a66d63ab97,sanfrancisco,7d89a6052918402fa22105d9c0b449e7,12,2025-10-13 05:14:22.672696,null
"{""customer_lat"": 37.8014231, ""customer_lon"": -122.4637634, ""customer_addr"": ""643 Mason Street"", ""items"": [{""id"": 4, ""category_id"": ""speciality_pizza"", ""menu_id"": 1, ""brand_id"": 1, ""name"": ""Pacific Veggie"", ""price"": 17.99, ""qty"": 1}, {""id"": 20, ""category_id"": ""appetizer"", ""menu_id"": 1, ""brand_id"": 1, ""name"": ""Parmesan Bread Bites"", ""price"": 5.19, ""qty"": 2}, {""id"": 23, ""category_id"": ""dessert"", ""menu_id"": 1, ""brand_id"": 1, ""name"": ""Cinnamon Bread Bites"", ""price"": 5.29, ""qty"": 2}, {""id"": 7, ""category_id"": ""speciality_pizza"", ""menu_id"": 1, ""brand_id"": 1, ""name"": ""Cali Chicken Bacon Ranch"", ""price"": 18.99, ""qty"": 3}]}",92339e179a52408fb29d6d849d7ebc50,order_created,9be9e21d2f76432290cba0a66d63ab97,sanfrancisco,e6ded3e4c296479e9c9ade85d4a8d17a,0,2025-10-13 05:17:34.000000,null
{},50f0c3f7b9e84788a4dfefccc9d78e3d,gk_started,9be9e21d2f76432290cba0a66d63ab97,sanfrancisco,e6ded3e4c296479e9c9ade85d4a8d17a,1,2025-10-13 05:20:14.000596,null
{},b00ea11b2dd24ba99a40da680cb576ae,gk_finished,9be9e21d2f76432290cba0a66d63ab97,sanfrancisco,e6ded3e4c296479e9c9ade85d4a8d17a,2,2025-10-13 05:28:36.705335,null
{},8e3c7ca2f26c44989b29ff262c9fae0a,gk_ready,9be9e21d2f76432290cba0a66d63ab97,sanfrancisco,e6ded3e4c296479e9c9ade85d4a8d17a,3,2025-10-13 05:31:56.461937,null
{},477b2c9b76304fbda4c872d930caf517,driver_arrived,9be9e21d2f76432290cba0a66d63ab97,sanfrancisco,e6ded3e4c296479e9c9ade85d4a8d17a,4,2025-10-13 05:25:05.497612,null
"{""route_points"": [[37.7910243, -122.3928646], [37.7906563, -122.393457], [37.7918524, -122.3949513], [37.7932761, -122.3963597], [37.7936868, -122.3963524], [37.794602, -122.3965439], [37.7945886, -122.3966507], [37.794441, -122.3978164], [37.7942922, -122.3989918], [37.794144, -122.4001635], [37.7939955, -122.4013367], [37.7944333, -122.4014273], [37.7948561, -122.4015163], [37.7957247, -122.4016943], [37.7955349, -122.4033265], [37.7957573, -122.4036185], [37.7963079, -122.4044278], [37.796894, -122.4052824], [37.797072, -122.4055421], [37.797516, -122.4061835], [37.7978752, -122.4066341], [37.7981326, -122.4070746], [37.7982286, -122.4072114], [37.7986957, -122.4078885], [37.7994866, -122.4090014], [37.7996203, -122.4091334], [37.8003261, -122.4101505], [37.8009059, -122.4109879], [37.8011339, -122.411329], [37.8019319, -122.4124825], [37.802184, -122.412908], [37.8027514, -122.4137205], [37.8035415, -122.41488], [37.8033391, -122.4165234], [37.8031282, -122.4181701], [37.8029189, -122.4198179], [37.8019952, -122.4196302], [37.8017788, -122.4212728], [37.8015452, -122.4229169], [37.8013485, -122.4244883], [37.8013458, -122.4246726], [37.8011559, -122.4262112], [37.8009463, -122.4278524], [37.8007335, -122.4294995], [37.8005245, -122.4311406], [37.800315, -122.4327857], [37.8001056, -122.4344311], [37.7998962, -122.4360753], [37.7996868, -122.4377205], [37.7994776, -122.4393632], [37.799268, -122.4410093], [37.7990558, -122.4426765], [37.7988596, -122.4443459], [37.7988737, -122.4446692], [37.7988428, -122.4449742], [37.7987213, -122.4452694], [37.7986309, -122.4459875], [37.7984679, -122.4473436], [37.7979081, -122.4482939], [37.7975531, -122.4489903], [37.7992156, -122.4526121], [37.7999402, -122.4529092], [37.8000674, -122.4529615], [37.8004356, -122.4534483], [37.8006055, -122.4537232], [37.8006495, -122.4537317], [37.8006948, -122.4538369], [37.800675, -122.45389], [37.8006962, -122.4541532], [37.8008695, -122.4545588], [37.8010463, -122.4549695], [37.8011228, -122.4551568], [37.801297, -122.45556], [37.8015754, -122.4561941], [37.801727, -122.456705], [37.8019604, -122.4576956], [37.802042, -122.4586183], [37.8015737, -122.4600266], [37.8012027, -122.4614295], [37.801642, -122.46356], [37.8014231, -122.4637634]], ""eta_mins"": 11.2}",a9e551ddf12e49ce8b24ee37f381e0bf,driver_picked_up,9be9e21d2f76432290cba0a66d63ab97,sanfrancisco,e6ded3e4c296479e9c9ade85d4a8d17a,5,2025-10-13 05:42:10.986531,null
"{""progress_pct"": 9.1, ""loc_lat"": 37.794441, ""loc_lon"": -122.3978164}",f044ea2e12e44d24a212b21886437694,driver_ping,9be9e21d2f76432290cba0a66d63ab97,sanfrancisco,e6ded3e4c296479e9c9ade85d4a8d17a,6,2025-10-13 05:43:10.986531,null
"{""progress_pct"": 18.2, ""loc_lat"": 37.7955349, ""loc_lon"": -122.4033265}",b6ddeb8ad00d4473bbe4b2eb8edf10b2,driver_ping,9be9e21d2f76432290cba0a66d63ab97,sanfrancisco,e6ded3e4c296479e9c9ade85d4a8d17a,7,2025-10-13 05:44:10.986531,null
"{""progress_pct"": 27.3, ""loc_lat"": 37.7981326, ""loc_lon"": -122.4070746}",85fed80ad56148ada619c025205a668c,driver_ping,9be9e21d2f76432290cba0a66d63ab97,sanfrancisco,e6ded3e4c296479e9c9ade85d4a8d17a,8,2025-10-13 05:45:10.986531,null
"{""progress_pct"": 36.4, ""loc_lat"": 37.8019319, ""loc_lon"": -122.4124825}",60b21b7933474b81b8b78234a11fb2ab,driver_ping,9be9e21d2f76432290cba0a66d63ab97,sanfrancisco,e6ded3e4c296479e9c9ade85d4a8d17a,9,2025-10-13 05:46:10.986531,null
"{""progress_pct"": 45.5, ""loc_lat"": 37.8019952, ""loc_lon"": -122.4196302}",69ddaab991cf40349a1a9d7d27551a7d,driver_ping,9be9e21d2f76432290cba0a66d63ab97,sanfrancisco,e6ded3e4c296479e9c9ade85d4a8d17a,10,2025-10-13 05:47:10.986531,null
"{""progress_pct"": 54.5, ""loc_lat"": 37.8007335, ""loc_lon"": -122.4294995}",50d8652bbe684b4dad35e0a67e39855b,driver_ping,9be9e21d2f76432290cba0a66d63ab97,sanfrancisco,e6ded3e4c296479e9c9ade85d4a8d17a,11,2025-10-13 05:48:10.986531,null
"{""progress_pct"": 63.6, ""loc_lat"": 37.799268, ""loc_lon"": -122.4410093}",b84faf0b7f04454aae7eacd834212cd0,driver_ping,9be9e21d2f76432290cba0a66d63ab97,sanfrancisco,e6ded3e4c296479e9c9ade85d4a8d17a,12,2025-10-13 05:49:10.986531,null
"{""progress_pct"": 72.7, ""loc_lat"": 37.7979081, ""loc_lon"": -122.4482939}",9a0d427570f04278b66f287fa69e5282,driver_ping,9be9e21d2f76432290cba0a66d63ab97,sanfrancisco,e6ded3e4c296479e9c9ade85d4a8d17a,13,2025-10-13 05:50:10.986531,null
"{""progress_pct"": 81.8, ""loc_lat"": 37.8006495, ""loc_lon"": -122.4537317}",f92e65748ade42a3a6588e242a8af977,driver_ping,9be9e21d2f76432290cba0a66d63ab97,sanfrancisco,e6ded3e4c296479e9c9ade85d4a8d17a,14,2025-10-13 05:51:10.986531,null
"{""progress_pct"": 90.9, ""loc_lat"": 37.801297, ""loc_lon"": -122.45556}",d944fe06a48f4d529287ab30bbb77f2e,driver_ping,9be9e21d2f76432290cba0a66d63ab97,sanfrancisco,e6ded3e4c296479e9c9ade85d4a8d17a,15,2025-10-13 05:52:10.986531,null
"{""delivered_lat"": 37.8014231, ""delivered_lon"": -122.4637634}",9683979d147a42b3a5d3e33744715e2c,delivered,9be9e21d2f76432290cba0a66d63ab97,sanfrancisco,e6ded3e4c296479e9c9ade85d4a8d17a,16,2025-10-13 05:53:22.433171,null
"{""customer_lat"": 37.7849629, ""customer_lon"": -122.4613594, ""customer_addr"": ""4101;4103 California Street"", ""items"": [{""id"": 2, ""category_id"": ""speciality_pizza"", ""menu_id"": 1, ""brand_id"": 1, ""name"": ""MeatZZa"", ""price"": 17.99, ""qty"": 3}, {""id"": 11, ""category_id"": ""pasta"", ""menu_id"": 1, ""brand_id"": 1, ""name"": ""5-Cheese Mac & Cheese"", ""price"": 8.99, ""qty"": 2}, {""id"": 22, ""category_id"": ""appetizer"", ""menu_id"": 1, ""brand_id"": 1, ""name"": ""Chicken Wings"", ""price"": 8.99, ""qty"": 3}, {""id"": 2, ""category_id"": ""speciality_pizza"", ""menu_id"": 1, ""brand_id"": 1, ""name"": ""MeatZZa"", ""price"": 17.99, ""qty"": 2}, {""id"": 26, ""category_id"": ""drink"", ""menu_id"": 1, ""brand_id"": 1, ""name"": ""Coke"", ""price"": 2.79, ""qty"": 1}, {""id"": 14, ""category_id"": ""pasta"", ""menu_id"": 1, ""brand_id"": 1, ""name"": ""Italian Sausage Marinara"", ""price"": 9.49, ""qty"": 2}, {""id"": 18, ""category_id"": ""sandwich"", ""menu_id"": 1, ""brand_id"": 1, ""name"": ""Chicken Parm Sandwich"", ""price"": 7.29, ""qty"": 2}, {""id"": 8, ""category_id"": ""speciality_pizza"", ""menu_id"": 1, ""brand_id"": 1, ""name"": ""Buffalo Chicken"", ""price"": 18.99, ""qty"": 3}, {""id"": 15, ""category_id"": ""sandwich"", ""menu_id"": 1, ""brand_id"": 1, ""name"": ""Philly Cheese Steak Sandwich"", ""price"": 7.29, ""qty"": 2}]}",35fbdea07dc14961a7ddffbd36229685,order_created,9be9e21d2f76432290cba0a66d63ab97,sanfrancisco,50676737920940a399d8d972b225130d,0,2025-10-13 05:48:53.000000,null
{},1beea4a7a5c4456c9dafd09120f45d19,gk_started,9be9e21d2f76432290cba0a66d63ab97,sanfrancisco,50676737920940a399d8d972b225130d,1,2025-10-13 05:49:15.566852,null
{},96468edae2474eada56ac0b9fc44084e,gk_finished,9be9e21d2f76432290cba0a66d63ab97,sanfrancisco,50676737920940a399d8d972b225130d,2,2025-10-13 05:55:01.942391,null
{},e603769a3f054eda9a085a7b0e8093c0,gk_ready,9be9e21d2f76432290cba0a66d63ab97,sanfrancisco,50676737920940a399d8d972b225130d,3,2025-10-13 05:55:50.378111,null
{},dd0ce51a772548f7bf200959cec0e008,driver_arrived,9be9e21d2f76432290cba0a66d63ab97,sanfrancisco,50676737920940a399d8d972b225130d,4,2025-10-13 05:57:40.795710,null
"{""route_points"": [[37.7910243, -122.3928646], [37.7906563, -122.393457], [37.7918524, -122.3949513], [37.7932761, -122.3963597], [37.7936868, -122.3963524], [37.7936638, -122.39648], [37.7935131, -122.3976272], [37.7933647, -122.3988009], [37.7932159, -122.3999769], [37.7930673, -122.4011522], [37.7929634, -122.4019738], [37.7928594, -122.4027912], [37.7926558, -122.4044255], [37.7924582, -122.4059535], [37.7922563, -122.4075516], [37.7920556, -122.4091426], [37.7920502, -122.4091843], [37.7920436, -122.409235], [37.791838, -122.4108302], [37.7917247, -122.4117314], [37.7916306, -122.4124799], [37.7914195, -122.4141223], [37.7912077, -122.4157666], [37.791, -122.4174109], [37.7907935, -122.4190579], [37.7905842, -122.4207014], [37.790442, -122.4222636], [37.7904303, -122.4223223], [37.7904148, -122.422399], [37.7904029, -122.4224613], [37.7901653, -122.4239912], [37.7899559, -122.4256361], [37.7897469, -122.42728], [37.7895373, -122.4289237], [37.7893282, -122.4305663], [37.7891189, -122.4322094], [37.7890165, -122.4330329], [37.7889092, -122.4338567], [37.7887012, -122.4355004], [37.7884924, -122.4371429], [37.7882832, -122.438789], [37.788089, -122.4404641], [37.7878727, -122.4421328], [37.7876634, -122.4437746], [37.7874536, -122.4454197], [37.7872755, -122.4468164], [37.7872167, -122.4471676], [37.7870551, -122.4484909], [37.7868408, -122.4501341], [37.7866266, -122.4517759], [37.7864192, -122.453421], [37.7862499, -122.4547886], [37.7862148, -122.455064], [37.7861097, -122.4558851], [37.7860043, -122.4567129], [37.7859709, -122.4569759], [37.7858315, -122.4580708], [37.7856859, -122.4592114], [37.7855439, -122.4603261], [37.7854086, -122.4613916], [37.7849629, -122.4613594]], ""eta_mins"": 9.5}",d3c8a8bb45a64d539df75e32436592d2,driver_picked_up,9be9e21d2f76432290cba0a66d63ab97,sanfrancisco,50676737920940a399d8d972b225130d,5,2025-10-13 06:01:11.933888,null
"{""progress_pct"": 11.1, ""loc_lat"": 37.7935131, ""loc_lon"": -122.3976272}",67c8b54b0c67489580bbc4bb969b81e4,driver_ping,9be9e21d2f76432290cba0a66d63ab97,sanfrancisco,50676737920940a399d8d972b225130d,6,2025-10-13 06:02:11.933888,null
"{""progress_pct"": 22.2, ""loc_lat"": 37.7924582, ""loc_lon"": -122.4059535}",6f64c4c376b04a7ba260ccc2206a4359,driver_ping,9be9e21d2f76432290cba0a66d63ab97,sanfrancisco,50676737920940a399d8d972b225130d,7,2025-10-13 06:03:11.933888,null
"{""progress_pct"": 33.3, ""loc_lat"": 37.7916306, ""loc_lon"": -122.4124799}",146bc9da1fe74377abe4adbf25303a52,driver_ping,9be9e21d2f76432290cba0a66d63ab97,sanfrancisco,50676737920940a399d8d972b225130d,8,2025-10-13 06:04:11.933888,null
"{""progress_pct"": 44.4, ""loc_lat"": 37.790442, ""loc_lon"": -122.4222636}",a80c1771bcf94ce8925073a3f13e2c26,driver_ping,9be9e21d2f76432290cba0a66d63ab97,sanfrancisco,50676737920940a399d8d972b225130d,9,2025-10-13 06:05:11.933888,null
